from,to,count,probability
ANSWERING,SUBMIT,5,0.7142857142857143
ANSWERING,READ_QUESTION,2,0.2857142857142857
ASK_AI_QUESTION,READ_LLM_OUTPUT,145,0.8529411764705882
ASK_AI_QUESTION,READ_QUESTION,12,0.07058823529411765
ASK_AI_QUESTION,COPY_PASTE_CODE,5,0.029411764705882353
ASK_AI_QUESTION,SWITCH_TOOL,3,0.01764705882352941
ASK_AI_QUESTION,ANSWERING,3,0.01764705882352941
ASK_AI_QUESTION,ASK_AI_QUESTION,1,0.0058823529411764705
ASK_AI_QUESTION,RUN_CODE,1,0.0058823529411764705
COPY_PASTE_CODE,RUN_CODE,57,0.5428571428571428
COPY_PASTE_CODE,READ_LLM_OUTPUT,13,0.12380952380952381
COPY_PASTE_CODE,EDIT_CODE_MANUAL,13,0.12380952380952381
COPY_PASTE_CODE,ENV_SETUP,7,0.06666666666666667
COPY_PASTE_CODE,ASK_AI_QUESTION,5,0.047619047619047616
COPY_PASTE_CODE,READ_QUESTION,2,0.01904761904761905
COPY_PASTE_CODE,SUBMIT,2,0.01904761904761905
COPY_PASTE_CODE,VERIFY_TEST,2,0.01904761904761905
COPY_PASTE_CODE,REFLECT_FIX,1,0.009523809523809525
COPY_PASTE_CODE,COPY_PASTE_CODE,1,0.009523809523809525
COPY_PASTE_CODE,SWITCH_TOOL,1,0.009523809523809525
COPY_PASTE_CODE,DEBUG_MANUAL,1,0.009523809523809525
DEBUG_MANUAL,DEBUG_VIA_LLM,1,0.5
DEBUG_MANUAL,ASK_AI_QUESTION,1,0.5
DEBUG_VIA_LLM,READ_LLM_OUTPUT,11,0.7333333333333333
DEBUG_VIA_LLM,RUN_CODE,1,0.06666666666666667
DEBUG_VIA_LLM,COPY_PASTE_CODE,1,0.06666666666666667
DEBUG_VIA_LLM,EDIT_CODE_MANUAL,1,0.06666666666666667
DEBUG_VIA_LLM,ASK_AI_QUESTION,1,0.06666666666666667
EDIT_CODE_MANUAL,READ_LLM_OUTPUT,9,0.3
EDIT_CODE_MANUAL,RUN_CODE,7,0.23333333333333334
EDIT_CODE_MANUAL,COPY_PASTE_CODE,6,0.2
EDIT_CODE_MANUAL,ASK_AI_QUESTION,3,0.1
EDIT_CODE_MANUAL,READ_QUESTION,2,0.06666666666666667
EDIT_CODE_MANUAL,VERIFY_TEST,2,0.06666666666666667
EDIT_CODE_MANUAL,EDIT_CODE_MANUAL,1,0.03333333333333333
ENV_SETUP,READ_LLM_OUTPUT,14,0.6086956521739131
ENV_SETUP,COPY_PASTE_CODE,5,0.21739130434782608
ENV_SETUP,EDIT_CODE_MANUAL,2,0.08695652173913043
ENV_SETUP,READ_QUESTION,1,0.043478260869565216
ENV_SETUP,DEBUG_VIA_LLM,1,0.043478260869565216
READ_LLM_OUTPUT,COPY_PASTE_CODE,101,0.46543778801843316
READ_LLM_OUTPUT,READ_QUESTION,37,0.17050691244239632
READ_LLM_OUTPUT,ASK_AI_QUESTION,35,0.16129032258064516
READ_LLM_OUTPUT,ENV_SETUP,14,0.06451612903225806
READ_LLM_OUTPUT,EDIT_CODE_MANUAL,10,0.04608294930875576
READ_LLM_OUTPUT,READ_LLM_OUTPUT,4,0.018433179723502304
READ_LLM_OUTPUT,VERIFY_TEST,4,0.018433179723502304
READ_LLM_OUTPUT,DEBUG_VIA_LLM,4,0.018433179723502304
READ_LLM_OUTPUT,ANSWERING,3,0.013824884792626729
READ_LLM_OUTPUT,RUN_CODE,2,0.009216589861751152
READ_LLM_OUTPUT,SWITCH_TOOL,2,0.009216589861751152
READ_LLM_OUTPUT,SUBMIT,1,0.004608294930875576
READ_QUESTION,ASK_AI_QUESTION,59,0.4645669291338583
READ_QUESTION,READ_LLM_OUTPUT,34,0.2677165354330709
READ_QUESTION,ANSWERING,18,0.14173228346456693
READ_QUESTION,EDIT_CODE_MANUAL,5,0.03937007874015748
READ_QUESTION,COPY_PASTE_CODE,4,0.031496062992125984
READ_QUESTION,READ_QUESTION,3,0.023622047244094488
READ_QUESTION,ENV_SETUP,3,0.023622047244094488
READ_QUESTION,SWITCH_TOOL,1,0.007874015748031496
REFLECT_FIX,READ_LLM_OUTPUT,5,0.45454545454545453
REFLECT_FIX,RUN_CODE,4,0.36363636363636365
REFLECT_FIX,COPY_PASTE_CODE,1,0.09090909090909091
REFLECT_FIX,READ_QUESTION,1,0.09090909090909091
RUN_CODE,READ_LLM_OUTPUT,20,0.36363636363636365
RUN_CODE,REFLECT_FIX,10,0.18181818181818182
RUN_CODE,VERIFY_TEST,9,0.16363636363636364
RUN_CODE,DEBUG_VIA_LLM,8,0.14545454545454545
RUN_CODE,ASK_AI_QUESTION,3,0.05454545454545454
RUN_CODE,READ_QUESTION,2,0.03636363636363636
RUN_CODE,RUN_CODE,1,0.01818181818181818
RUN_CODE,ENV_SETUP,1,0.01818181818181818
RUN_CODE,SUBMIT,1,0.01818181818181818
SUBMIT,READ_LLM_OUTPUT,1,0.5
SUBMIT,READ_QUESTION,1,0.5
SWITCH_TOOL,ASK_AI_QUESTION,9,1.0
VERIFY_TEST,READ_LLM_OUTPUT,2,0.25
VERIFY_TEST,READ_QUESTION,2,0.25
VERIFY_TEST,DEBUG_VIA_LLM,1,0.125
VERIFY_TEST,RUN_CODE,1,0.125
VERIFY_TEST,REFLECT_FIX,1,0.125
VERIFY_TEST,DEBUG_MANUAL,1,0.125
